{
  "v": "5.5.7",
  "meta": {
    "g": "LottieFiles AE 0.1.20",
    "a": "",
    "k": "",
    "d": "",
    "tc": "none"
  },
  "fr": 60,
  "ip": 0,
  "op": 120,
  "w": 720,
  "h": 720,
  "nm": "Chat",
  "ddd": 0,
  "assets": [],
  "layers": [
    {
      "ddd": 0,
      "ind": 1,
      "ty": 4,
      "nm": "Form",
      "sr": 1,
      "ks": {
        "o": {
          "a": 0,
          "k": 100,
          "ix": 11
        },
        "r": {
          "a": 0,
          "k": 0,
          "ix": 10
        },
        "p": {
          "a": 0,
          "k": [
            360,
            590,
            0
          ],
          "ix": 2
        },
        "a": {
          "a": 0,
          "k": [
            0,
            181,
            0
          ],
          "ix": 1
        },
        "s": {
          "a": 1,
          "k": [
            {
              "i": {
                "x": [
                  0.667,
                  0.667,
                  0.667
                ],
                "y": [
                  1,
                  1,
                  1
                ]
              },
              "o": {
                "x": [
                  0.167,
                  0.167,
                  0.167
                ],
                "y": [
                  0,
                  0,
                  0
                ]
              },
              "t": 0,
              "s": [
                100,
                100,
                100
              ]
            },
            {
              "i": {
                "x": [
                  0.667,
                  0.667,
                  0.667
                ],
                "y": [
                  1,
                  1,
                  1
                ]
              },
              "o": {
                "x": [
                  0.333,
                  0.333,
                  0.333
                ],
                "y": [
                  0,
                  0,
                  0
                ]
              },
              "t": 5,
              "s": [
                100,
                100,
                100
              ]
            },
            {
              "i": {
                "x": [
                  0.667,
                  0.667,
                  0.667
                ],
                "y": [
                  1,
                  1,
                  1
                ]
              },
              "o": {
                "x": [
                  0.333,
                  0.333,
                  0.333
                ],
                "y": [
                  0,
                  0,
                  0
                ]
              },
              "t": 30,
              "s": [
                95,
                105,
                100
              ]
            },
            {
              "i": {
                "x": [
                  0.667,
                  0.667,
                  0.667
                ],
                "y": [
                  1,
                  1,
                  1
                ]
              },
              "o": {
                "x": [
                  0.333,
                  0.333,
                  0.333
                ],
                "y": [
                  0,
                  0,
                  0
                ]
              },
              "t": 50,
              "s": [
                105,
                95,
                100
              ]
            },
            {
              "t": 69.9453125,
              "s": [
                100,
                100,
                100
              ]
            }
          ],
          "ix": 6
        }
      },
      "ao": 0,
      "shapes": [],
      "ip": 0,
      "op": 120,
      "st": 0,
      "bm": 0
    },
    {
      "ddd": 0,
      "ind": 2,
      "ty": 4,
      "nm": "Dot1",
      "parent": 1,
      "sr": 1,
      "ks": {
        "o": {
          "a": 0,
          "k": 100,
          "ix": 11
        },
        "r": {
          "a": 0,
          "k": 0,
          "ix": 10
        },
        "p": {
          "a": 1,
          "k": [
            {
              "i": {
                "x": 0.667,
                "y": 1
              },
              "o": {
                "x": 0.746,
                "y": 0
              },
              "t": 27,
              "s": [
                88.123,
                -90.448,
                0
              ],
              "to": [
                0,
                -8.259,
                0
              ],
              "ti": [
                0,
                -3.408,
                0
              ]
            },
            {
              "i": {
                "x": 0.667,
                "y": 1
              },
              "o": {
                "x": 0.658,
                "y": 0
              },
              "t": 40,
              "s": [
                88.123,
                -140,
                0
              ],
              "to": [
                0,
                3.408,
                0
              ],
              "ti": [
                0,
                -8.267,
                0
              ]
            },
            {
              "i": {
                "x": 0.667,
                "y": 1
              },
              "o": {
                "x": 0.333,
                "y": 0
              },
              "t": 56,
              "s": [
                88.123,
                -70,
                0
              ],
              "to": [
                0,
                8.267,
                0
              ],
              "ti": [
                0,
                3.4,
                0
              ]
            },
            {
              "t": 71,
              "s": [
                88.123,
                -90.4,
                0
              ]
            }
          ],
          "ix": 2
        },
        "a": {
          "a": 0,
          "k": [
            0,
            0,
            0
          ],
          "ix": 1
        },
        "s": {
          "a": 0,
          "k": [
            100,
            100,
            100
          ],
          "ix": 6
        }
      },
      "ao": 0,
      "shapes": [
        {
          "ty": "gr",
          "it": [
            {
              "ind": 0,
              "ty": "sh",
              "ix": 1,
              "ks": {
                "a": 0,
                "k": {
                  "i": [
                    [
                      0,
                      -17.382
                    ],
                    [
                      17.382,
                      0
                    ],
                    [
                      0,
                      17.382
                    ],
                    [
                      -17.382,
                      0
                    ]
                  ],
                  "o": [
                    [
                      0,
                      17.382
                    ],
                    [
                      -17.382,
                      0
                    ],
                    [
                      0,
                      -17.382
                    ],
                    [
                      17.382,
                      0
                    ]
                  ],
                  "v": [
                    [
                      31.472,
                      0
                    ],
                    [
                      0,
                      31.472
                    ],
                    [
                      -31.472,
                      0
                    ],
                    [
                      0,
                      -31.472
                    ]
                  ],
                  "c": true
                },
                "ix": 2
              },
              "nm": "Tracé 1",
              "mn": "ADBE Vector Shape - Group",
              "hd": false
            },
            {
              "ty": "fl",
              "c": {
                "a": 0,
                "k": [
                  0.164705887437,
                  0.615686297417,
                  0.560784339905,
                  1
                ],
                "ix": 4
              },
              "o": {
                "a": 0,
                "k": 100,
                "ix": 5
              },
              "r": 1,
              "bm": 0,
              "nm": "Fond 1",
              "mn": "ADBE Vector Graphic - Fill",
              "hd": false
            },
            {
              "ty": "tr",
              "p": {
                "a": 0,
                "k": [
                  0,
                  0
                ],
                "ix": 2
              },
              "a": {
                "a": 0,
                "k": [
                  0,
                  0
                ],
                "ix": 1
              },
              "s": {
                "a": 0,
                "k": [
                  100,
                  100
                ],
                "ix": 3
              },
              "r": {
                "a": 0,
                "k": 0,
                "ix": 6
              },
              "o": {
                "a": 0,
                "k": 100,
                "ix": 7
              },
              "sk": {
                "a": 0,
                "k": 0,
                "ix": 4
              },
              "sa": {
                "a": 0,
                "k": 0,
                "ix": 5
              },
              "nm": "Transformer "
            }
          ],
          "nm": "Dot1",
          "np": 2,
          "cix": 2,
          "bm": 0,
          "ix": 1,
          "mn": "ADBE Vector Group",
          "hd": false
        }
      ],
      "ip": 0,
      "op": 120,
      "st": 0,
      "bm": 0
    },
    {
      "ddd": 0,
      "ind": 3,
      "ty": 4,
      "nm": "Dot2",
      "parent": 1,
      "sr": 1,
      "ks": {
        "o": {
          "a": 0,
          "k": 100,
          "ix": 11
        },
        "r": {
          "a": 0,
          "k": 0,
          "ix": 10
        },
        "p": {
          "a": 1,
          "k": [
            {
              "i": {
                "x": 0.667,
                "y": 1
              },
              "o": {
                "x": 0.783,
                "y": 0
              },
              "t": 13.273,
              "s": [
                0,
                -90.448,
                0
              ],
              "to": [
                0,
                -8.259,
                0
              ],
              "ti": [
                0,
                -3.408,
                0
              ]
            },
            {
              "i": {
                "x": 0.667,
                "y": 1
              },
              "o": {
                "x": 0.659,
                "y": 0
              },
              "t": 27,
              "s": [
                0,
                -140,
                0
              ],
              "to": [
                0,
                3.408,
                0
              ],
              "ti": [
                0,
                -8.267,
                0
              ]
            },
            {
              "i": {
                "x": 0.667,
                "y": 1
              },
              "o": {
                "x": 0.333,
                "y": 0
              },
              "t": 43,
              "s": [
                0,
                -70,
                0
              ],
              "to": [
                0,
                8.267,
                0
              ],
              "ti": [
                0,
                3.4,
                0
              ]
            },
            {
              "t": 57,
              "s": [
                0,
                -90.4,
                0
              ]
            }
          ],
          "ix": 2
        },
        "a": {
          "a": 0,
          "k": [
            0,
            0,
            0
          ],
          "ix": 1
        },
        "s": {
          "a": 0,
          "k": [
            100,
            100,
            100
          ],
          "ix": 6
        }
      },
      "ao": 0,
      "shapes": [
        {
          "ty": "gr",
          "it": [
            {
              "ind": 0,
              "ty": "sh",
              "ix": 1,
              "ks": {
                "a": 0,
                "k": {
                  "i": [
                    [
                      0,
                      -17.382
                    ],
                    [
                      17.382,
                      0
                    ],
                    [
                      0,
                      17.382
                    ],
                    [
                      -17.382,
                      0
                    ]
                  ],
                  "o": [
                    [
                      0,
                      17.382
                    ],
                    [
                      -17.382,
                      0
                    ],
                    [
                      0,
                      -17.382
                    ],
                    [
                      17.382,
                      0
                    ]
                  ],
                  "v": [
                    [
                      31.472,
                      0
                    ],
                    [
                      0,
                      31.472
                    ],
                    [
                      -31.472,
                      0
                    ],
                    [
                      0,
                      -31.472
                    ]
                  ],
                  "c": true
                },
                "ix": 2
              },
              "nm": "Tracé 1",
              "mn": "ADBE Vector Shape - Group",
              "hd": false
            },
            {
              "ty": "fl",
              "c": {
                "a": 0,
                "k": [
                  0.913725495338,
                  0.768627464771,
                  0.415686279535,
                  1
                ],
                "ix": 4
              },
              "o": {
                "a": 0,
                "k": 100,
                "ix": 5
              },
              "r": 1,
              "bm": 0,
              "nm": "Fond 1",
              "mn": "ADBE Vector Graphic - Fill",
              "hd": false
            },
            {
              "ty": "tr",
              "p": {
                "a": 0,
                "k": [
                  0,
                  0
                ],
                "ix": 2
              },
              "a": {
                "a": 0,
                "k": [
                  0,
                  0
                ],
                "ix": 1
              },
              "s": {
                "a": 0,
                "k": [
                  100,
                  100
                ],
                "ix": 3
              },
              "r": {
                "a": 0,
                "k": 0,
                "ix": 6
              },
              "o": {
                "a": 0,
                "k": 100,
                "ix": 7
              },
              "sk": {
                "a": 0,
                "k": 0,
                "ix": 4
              },
              "sa": {
                "a": 0,
                "k": 0,
                "ix": 5
              },
              "nm": "Transformer "
            }
          ],
          "nm": "Dot2",
          "np": 2,
          "cix": 2,
          "bm": 0,
          "ix": 1,
          "mn": "ADBE Vector Group",
          "hd": false
        }
      ],
      "ip": 0,
      "op": 120,
      "st": 0,
      "bm": 0
    },
    {
      "ddd": 0,
      "ind": 4,
      "ty": 4,
      "nm": "Dot3",
      "parent": 1,
      "sr": 1,
      "ks": {
        "o": {
          "a": 0,
          "k": 100,
          "ix": 11
        },
        "r": {
          "a": 0,
          "k": 0,
          "ix": 10
        },
        "p": {
          "a": 1,
          "k": [
            {
              "i": {
                "x": 0.667,
                "y": 1
              },
              "o": {
                "x": 0.758,
                "y": 0
              },
              "t": 0,
              "s": [
                -88.123,
                -90.448,
                0
              ],
              "to": [
                0,
                -8.259,
                0
              ],
              "ti": [
                0,
                -3.408,
                0
              ]
            },
            {
              "i": {
                "x": 0.667,
                "y": 1
              },
              "o": {
                "x": 0.685,
                "y": 0
              },
              "t": 13.273,
              "s": [
                -88.123,
                -140,
                0
              ],
              "to": [
                0,
                3.408,
                0
              ],
              "ti": [
                0,
                -8.267,
                0
              ]
            },
            {
              "i": {
                "x": 0.667,
                "y": 1
              },
              "o": {
                "x": 0.368,
                "y": 0
              },
              "t": 30,
              "s": [
                -88.123,
                -70,
                0
              ],
              "to": [
                0,
                8.267,
                0
              ],
              "ti": [
                0,
                3.4,
                0
              ]
            },
            {
              "t": 45,
              "s": [
                -88.123,
                -90.4,
                0
              ]
            }
          ],
          "ix": 2
        },
        "a": {
          "a": 0,
          "k": [
            0,
            0,
            0
          ],
          "ix": 1
        },
        "s": {
          "a": 0,
          "k": [
            100,
            100,
            100
          ],
          "ix": 6
        }
      },
      "ao": 0,
      "shapes": [
        {
          "ty": "gr",
          "it": [
            {
              "ind": 0,
              "ty": "sh",
              "ix": 1,
              "ks": {
                "a": 0,
                "k": {
                  "i": [
                    [
                      0,
                      -17.382
                    ],
                    [
                      17.382,
                      0
                    ],
                    [
                      0,
                      17.382
                    ],
                    [
                      -17.382,
                      0
                    ]
                  ],
                  "o": [
                    [
                      0,
                      17.382
                    ],
                    [
                      -17.382,
                      0
                    ],
                    [
                      0,
                      -17.382
                    ],
                    [
                      17.382,
                      0
                    ]
                  ],
                  "v": [
                    [
                      31.472,
                      0
                    ],
                    [
                      0,
                      31.472
                    ],
                    [
                      -31.472,
                      0
                    ],
                    [
                      0,
                      -31.472
                    ]
                  ],
                  "c": true
                },
                "ix": 2
              },
              "nm": "Tracé 1",
              "mn": "ADBE Vector Shape - Group",
              "hd": false
            },
            {
              "ty": "fl",
              "c": {
                "a": 0,
                "k": [
                  0.905882358551,
                  0.435294121504,
                  0.317647069693,
                  1
                ],
                "ix": 4
              },
              "o": {
                "a": 0,
                "k": 100,
                "ix": 5
              },
              "r": 1,
              "bm": 0,
              "nm": "Fond 1",
              "mn": "ADBE Vector Graphic - Fill",
              "hd": false
            },
            {
              "ty": "tr",
              "p": {
                "a": 0,
                "k": [
                  0,
                  0
                ],
                "ix": 2
              },
              "a": {
                "a": 0,
                "k": [
                  0,
                  0
                ],
                "ix": 1
              },
              "s": {
                "a": 0,
                "k": [
                  100,
                  100
                ],
                "ix": 3
              },
              "r": {
                "a": 0,
                "k": 0,
                "ix": 6
              },
              "o": {
                "a": 0,
                "k": 100,
                "ix": 7
              },
              "sk": {
                "a": 0,
                "k": 0,
                "ix": 4
              },
              "sa": {
                "a": 0,
                "k": 0,
                "ix": 5
              },
              "nm": "Transformer "
            }
          ],
          "nm": "Dot3",
          "np": 2,
          "cix": 2,
          "bm": 0,
          "ix": 1,
          "mn": "ADBE Vector Group",
          "hd": false
        }
      ],
      "ip": 0,
      "op": 120,
      "st": 0,
      "bm": 0
    },
    {
      "ddd": 0,
      "ind": 5,
      "ty": 4,
      "nm": "Bubble",
      "parent": 1,
      "sr": 1,
      "ks": {
        "o": {
          "a": 0,
          "k": 100,
          "ix": 11
        },
        "r": {
          "a": 0,
          "k": 0,
          "ix": 10
        },
        "p": {
          "a": 0,
          "k": [
            0,
            -44.703,
            0
          ],
          "ix": 2
        },
        "a": {
          "a": 0,
          "k": [
            0,
            0,
            0
          ],
          "ix": 1
        },
        "s": {
          "a": 0,
          "k": [
            100,
            100,
            100
          ],
          "ix": 6
        }
      },
      "ao": 0,
      "shapes": [
        {
          "ty": "gr",
          "it": [
            {
              "ind": 0,
              "ty": "sh",
              "ix": 1,
              "ks": {
                "a": 0,
                "k": {
                  "i": [
                    [
                      38.714,
                      0
                    ],
                    [
                      0,
                      0
                    ],
                    [
                      0,
                      -38.714
                    ],
                    [
                      0,
                      0
                    ],
                    [
                      -38.713,
                      0
                    ],
                    [
                      0,
                      0
                    ],
                    [
                      -5.064,
                      -8.771
                    ],
                    [
                      0,
                      0
                    ],
                    [
                      -6.566,
                      11.373
                    ],
                    [
                      0,
                      0
                    ],
                    [
                      -10.127,
                      0
                    ],
                    [
                      0,
                      0
                    ],
                    [
                      0,
                      38.714
                    ],
                    [
                      0,
                      0
                    ]
                  ],
                  "o": [
                    [
                      0,
                      0
                    ],
                    [
                      -38.714,
                      0
                    ],
                    [
                      0,
                      0
                    ],
                    [
                      0,
                      38.713
                    ],
                    [
                      0,
                      0
                    ],
                    [
                      10.128,
                      0
                    ],
                    [
                      0,
                      0
                    ],
                    [
                      6.566,
                      11.373
                    ],
                    [
                      0,
                      0
                    ],
                    [
                      5.064,
                      -8.77
                    ],
                    [
                      0,
                      0
                    ],
                    [
                      38.714,
                      0
                    ],
                    [
                      0,
                      0
                    ],
                    [
                      0,
                      -38.714
                    ]
                  ],
                  "v": [
                    [
                      200.234,
                      -225.628
                    ],
                    [
                      -200.234,
                      -225.628
                    ],
                    [
                      -270.331,
                      -155.531
                    ],
                    [
                      -270.331,
                      60.514
                    ],
                    [
                      -200.235,
                      130.611
                    ],
                    [
                      -81.075,
                      130.611
                    ],
                    [
                      -56.524,
                      144.785
                    ],
                    [
                      -14.774,
                      217.099
                    ],
                    [
                      14.774,
                      217.099
                    ],
                    [
                      56.525,
                      144.784
                    ],
                    [
                      81.074,
                      130.611
                    ],
                    [
                      200.234,
                      130.611
                    ],
                    [
                      270.331,
                      60.514
                    ],
                    [
                      270.331,
                      -155.531
                    ]
                  ],
                  "c": true
                },
                "ix": 2
              },
              "nm": "Tracé 1",
              "mn": "ADBE Vector Shape - Group",
              "hd": false
            },
            {
              "ty": "st",
              "c": {
                "a": 0,
                "k": [
                  0.149019613862,
                  0.274509817362,
                  0.32549020648,
                  1
                ],
                "ix": 3
              },
              "o": {
                "a": 0,
                "k": 100,
                "ix": 4
              },
              "w": {
                "a": 0,
                "k": 16,
                "ix": 5
              },
              "lc": 2,
              "lj": 1,
              "ml": 10,
              "bm": 0,
              "nm": "Contour 1",
              "mn": "ADBE Vector Graphic - Stroke",
              "hd": false
            },
            {
              "ty": "fl",
              "c": {
                "a": 0,
                "k": [
                  1,
                  1,
                  1,
                  1
                ],
                "ix": 4
              },
              "o": {
                "a": 0,
                "k": 100,
                "ix": 5
              },
              "r": 1,
              "bm": 0,
              "nm": "Fond 1",
              "mn": "ADBE Vector Graphic - Fill",
              "hd": false
            },
            {
              "ty": "tr",
              "p": {
                "a": 0,
                "k": [
                  0,
                  0
                ],
                "ix": 2
              },
              "a": {
                "a": 0,
                "k": [
                  0,
                  0
                ],
                "ix": 1
              },
              "s": {
                "a": 0,
                "k": [
                  100,
                  100
                ],
                "ix": 3
              },
              "r": {
                "a": 0,
                "k": 0,
                "ix": 6
              },
              "o": {
                "a": 0,
                "k": 100,
                "ix": 7
              },
              "sk": {
                "a": 0,
                "k": 0,
                "ix": 4
              },
              "sa": {
                "a": 0,
                "k": 0,
                "ix": 5
              },
              "nm": "Transformer "
            }
          ],
          "nm": "Bubble",
          "np": 3,
          "cix": 2,
          "bm": 0,
          "ix": 1,
          "mn": "ADBE Vector Group",
          "hd": false
        }
      ],
      "ip": 0,
      "op": 120,
      "st": 0,
      "bm": 0
    }
  ],
  "markers": []
}